Student_ID,Attendance,GPA,Study_Hours,Sleep_Hours,Screen_Time,Assignment_Delay,Participation_Score,GPA_Trend,Attendance_Trend,Study_Consistency,Burnout_Risk,Dropout_Probability,Disengagement_Level
1,78,8.88,1.5,7.9,6.8,9,3,1,1,0,Medium,0.66,Medium
2,63,8.08,0.8,7.6,9.5,1,5,-1,0,1,Low,0.1,High
3,98,6.7,0.8,8.9,3.9,2,7,-1,1,0,Low,0.28,Medium
4,78,4.57,5.7,6.8,5.1,9,5,0,1,1,Low,0.14,Low
5,86,5.45,2.7,4.9,8.0,5,6,0,0,0,Medium,0.69,Low
6,73,6.67,5.6,7.6,4.6,6,9,0,-1,1,Low,0.32,Medium
7,63,6.46,2.0,6.7,3.1,0,9,1,-1,1,Low,0.22,Low
8,50,5.59,4.4,8.0,6.8,9,7,0,-1,1,Medium,0.66,Medium
9,73,5.02,2.5,7.3,7.3,7,6,1,1,0,Medium,0.51,Medium
10,42,8.68,3.6,7.9,6.0,8,3,1,1,0,Medium,0.49,Medium
11,69,5.27,3.8,6.7,3.6,6,3,0,0,1,Medium,0.64,Medium
12,45,7.01,1.7,6.1,9.1,9,7,-1,1,1,Medium,0.43,Medium
13,96,9.0,5.2,4.0,6.1,8,5,-1,1,1,Medium,0.5,Medium
14,93,5.7,3.6,6.0,2.5,9,4,0,1,1,Low,0.31,Low
15,95,4.7,3.9,6.5,2.4,4,1,-1,1,1,Medium,0.44,Medium
16,71,7.54,3.8,4.4,5.0,0,6,-1,0,1,Low,0.22,Low
17,55,9.09,2.3,4.9,2.3,3,4,1,0,0,Medium,0.64,Low
18,46,5.46,4.3,5.9,9.5,0,9,-1,0,0,Medium,0.56,Medium
19,46,8.13,5.0,6.8,6.2,1,1,0,-1,0,Medium,0.66,Medium
20,80,6.42,4.5,8.5,9.1,7,1,1,-1,1,Medium,0.64,High
21,74,6.55,5.7,8.9,4.3,1,2,0,1,1,Low,0.4,Low
22,43,5.8,2.3,7.7,7.2,6,3,-1,-1,1,High,0.72,High
23,94,5.88,3.7,8.9,5.9,7,2,-1,0,0,Medium,0.57,High
24,44,5.77,3.2,6.9,8.1,0,5,0,1,1,Medium,0.4,Low
25,88,7.54,3.6,8.9,2.6,4,7,-1,1,1,Low,0.21,Low
26,93,8.33,3.6,4.5,6.9,5,7,0,1,0,Low,0.19,Low
27,79,8.33,4.4,5.8,4.3,6,3,0,-1,1,Medium,0.67,High
28,96,7.95,1.6,4.4,5.2,2,7,1,0,1,Low,0.23,Low
29,90,7.06,3.5,5.4,6.7,5,1,0,0,0,Low,0.21,Medium
30,72,9.05,2.0,8.8,5.7,5,4,0,1,0,Low,0.29,Low
31,52,9.83,4.4,4.2,5.2,2,7,0,-1,1,Medium,0.69,Low
32,48,8.29,0.8,8.6,5.5,5,9,-1,-1,0,Medium,0.69,Medium
33,44,7.86,2.8,5.2,4.8,4,6,-1,-1,1,Medium,0.43,Medium
34,85,9.89,1.5,4.1,8.1,4,7,-1,0,1,Medium,0.59,Medium
35,44,9.38,1.9,4.1,9.5,0,8,-1,-1,1,High,0.85,Medium
36,41,4.65,3.7,8.7,6.6,1,3,-1,-1,0,High,0.84,High
37,42,9.01,4.1,5.0,4.2,1,3,0,1,0,Low,0.12,Medium
38,65,8.25,2.4,5.3,6.0,9,5,0,-1,0,Medium,0.66,Medium
39,60,9.82,3.5,6.1,6.5,2,1,1,0,0,Low,0.33,Medium
40,71,9.22,2.9,7.8,8.0,8,1,-1,0,1,Medium,0.65,High
41,98,5.05,0.8,8.8,8.8,8,7,0,1,1,Medium,0.54,Low
42,55,6.97,2.1,5.6,7.4,3,5,1,-1,0,Medium,0.43,Medium
43,78,9.98,0.8,7.7,6.4,1,9,0,0,1,Low,0.36,Low
44,85,8.36,0.9,8.1,7.6,4,5,0,1,1,Low,0.21,Low
45,91,5.8,5.5,7.0,4.8,2,6,1,1,1,Low,0.37,Low
46,42,5.9,2.7,6.9,7.9,7,9,1,-1,0,High,0.85,Medium
47,99,6.07,5.3,5.1,9.7,4,6,-1,1,1,Low,0.12,Low
48,59,4.91,1.4,5.1,4.4,0,5,0,0,0,Medium,0.67,Medium
49,71,4.82,2.7,4.5,4.7,9,4,0,0,1,Medium,0.58,Low
50,75,9.92,4.3,6.7,4.5,3,3,-1,0,1,Low,0.22,Medium
51,64,6.8,5.6,8.3,2.4,6,8,-1,0,0,Medium,0.54,Medium
52,50,7.77,2.6,8.8,8.7,0,2,-1,1,0,Medium,0.48,Medium
53,67,8.97,6.0,9.0,6.4,4,5,-1,0,1,Low,0.21,Low
54,48,5.21,5.7,7.0,3.8,0,8,0,1,1,Low,0.11,Low
55,93,8.75,3.4,8.3,6.4,4,9,-1,1,0,Low,0.23,Medium
56,53,8.37,1.7,4.7,2.1,5,2,0,0,1,Medium,0.57,Medium
57,91,7.51,3.0,8.6,4.4,9,3,-1,-1,0,Medium,0.44,High
58,49,8.73,0.9,4.2,7.0,1,3,1,-1,0,High,0.73,Medium
59,93,8.34,1.5,7.5,5.3,2,2,-1,0,0,Medium,0.41,Medium
60,67,6.41,0.7,6.7,6.3,9,2,-1,0,1,Medium,0.61,Low
61,86,7.95,0.9,8.4,9.4,0,4,-1,-1,0,Medium,0.46,Medium
62,95,7.16,3.9,5.8,5.7,9,8,1,1,0,Low,0.37,Medium
63,86,4.67,5.3,5.8,5.2,8,7,-1,0,0,Medium,0.5,Medium
64,65,7.44,1.8,5.7,5.8,9,3,-1,-1,1,Medium,0.43,High
65,73,7.57,3.7,6.8,5.0,4,6,0,0,0,Low,0.21,Low
66,76,9.64,0.5,5.1,4.9,3,8,1,-1,0,Low,0.12,Low
67,75,9.98,5.4,6.9,9.3,5,6,-1,0,1,Low,0.32,Low
68,41,7.56,3.6,5.4,8.2,5,6,1,-1,1,Medium,0.47,Low
69,65,8.72,1.0,6.5,9.5,2,1,0,0,1,Low,0.14,Medium
70,52,8.27,1.0,4.7,2.0,8,8,0,1,0,Medium,0.5,Medium
71,99,9.81,1.2,7.7,9.5,2,3,-1,0,1,Medium,0.65,Medium
72,80,8.63,4.9,8.1,3.5,2,4,-1,-1,1,Low,0.22,Medium
73,78,8.43,5.4,7.1,6.3,0,9,-1,-1,0,Medium,0.52,Medium
74,79,5.76,3.5,6.2,4.7,2,8,0,1,0,Low,0.29,Low
75,78,7.65,6.0,7.8,7.7,6,1,0,0,1,Low,0.33,Medium
76,72,5.07,3.5,5.9,5.7,3,8,1,-1,1,Low,0.14,Low
77,51,8.75,0.6,7.0,6.5,9,5,1,0,1,Medium,0.5,Low
78,62,7.04,5.7,4.8,6.7,1,9,-1,1,1,Low,0.36,Low
79,75,9.55,4.8,4.1,7.2,0,9,0,1,0,Low,0.13,Low
80,50,6.98,1.1,8.9,8.7,5,7,-1,-1,0,High,0.78,Medium
81,54,6.69,0.8,5.7,8.4,4,9,1,1,1,Low,0.26,Low
82,41,7.06,3.1,8.6,6.7,2,6,-1,1,1,Low,0.23,Low
83,88,8.79,2.0,5.1,3.7,0,7,-1,-1,0,Medium,0.57,Medium
84,79,7.26,3.8,4.3,8.0,7,3,0,0,0,Medium,0.59,Medium
85,55,7.61,0.9,7.9,5.6,1,6,-1,0,1,Medium,0.57,Low
86,40,6.34,0.9,7.8,4.2,2,2,-1,1,0,Medium,0.45,Medium
87,68,6.74,3.5,5.3,3.6,7,6,-1,1,0,Medium,0.45,Medium
88,86,8.46,4.9,8.9,6.8,3,4,-1,0,0,Low,0.22,Medium
89,57,4.57,1.0,5.0,2.2,2,4,-1,0,1,Medium,0.67,Low
90,50,5.93,2.6,7.0,4.1,4,5,0,0,0,Medium,0.53,Low
91,91,9.86,4.8,4.6,6.5,6,1,0,1,0,Medium,0.48,Medium
92,84,6.71,1.7,7.2,5.4,9,2,1,-1,0,Medium,0.65,High
93,81,7.67,2.0,6.8,7.2,9,7,-1,0,1,Medium,0.44,Medium
94,45,8.53,1.9,7.2,6.0,9,1,0,-1,1,Medium,0.63,High
95,41,5.41,4.6,4.4,6.8,9,5,1,1,1,Medium,0.67,Low
96,79,7.62,3.1,7.3,9.5,4,8,-1,0,1,Low,0.26,Low
97,91,4.78,3.2,7.0,4.7,9,2,-1,-1,0,High,0.79,High
98,82,7.79,3.0,4.4,2.6,2,6,0,1,0,Low,0.13,Low
99,56,9.73,3.0,4.9,6.3,7,3,1,-1,0,High,0.86,High
100,45,9.89,5.5,7.2,7.5,8,7,-1,1,1,Medium,0.57,Medium
101,53,5.16,4.5,5.0,2.9,6,2,1,0,1,Medium,0.65,Medium
102,81,8.05,4.1,5.8,6.5,1,3,-1,1,1,Low,0.23,Medium
103,78,6.23,3.5,8.0,4.6,1,1,-1,0,1,Low,0.17,Medium
104,73,4.62,5.3,6.6,9.5,2,7,0,-1,1,Medium,0.43,Low
105,55,9.31,5.9,7.8,5.3,6,4,-1,-1,1,Medium,0.4,High
106,95,6.08,2.1,5.2,2.3,0,5,0,1,0,Low,0.13,Low
107,43,5.7,5.7,7.9,2.7,5,7,1,0,1,Low,0.24,Low
108,64,8.59,0.9,6.0,8.7,5,5,1,-1,1,Low,0.17,Low
109,65,4.7,5.8,8.1,8.4,5,7,-1,-1,0,Medium,0.58,Medium
110,98,6.68,4.7,7.5,3.2,2,6,-1,-1,0,Medium,0.41,Medium
111,76,5.0,5.3,5.3,3.0,8,3,-1,0,1,Medium,0.41,High
112,64,7.53,1.0,6.0,5.0,7,5,0,0,1,Low,0.39,Low
113,67,4.92,5.2,6.5,5.8,2,3,0,1,0,Low,0.18,Medium
114,58,9.27,1.8,4.8,3.3,8,5,0,1,0,Medium,0.63,Medium
115,82,9.79,3.1,8.4,2.0,4,7,1,0,1,Low,0.27,Low
116,51,4.54,2.1,7.1,9.8,0,8,1,0,1,Medium,0.4,Low
117,87,5.09,4.7,6.7,9.7,4,6,0,1,1,Low,0.31,Medium
118,93,6.4,3.9,4.2,9.0,3,3,-1,1,0,Medium,0.41,Medium
119,54,9.0,1.9,4.0,3.3,1,4,-1,1,0,Medium,0.66,Medium
120,68,8.32,1.7,4.4,7.4,5,3,-1,0,1,Medium,0.41,Medium
121,86,6.81,4.0,6.0,4.2,2,1,0,0,0,Low,0.32,Medium
122,88,8.08,2.5,8.3,5.8,7,9,-1,-1,0,Medium,0.45,High
123,89,8.69,3.9,4.7,2.3,9,3,0,1,0,Medium,0.4,Medium
124,83,5.86,3.6,5.1,3.3,5,6,-1,-1,1,Medium,0.64,Medium
125,52,5.32,3.1,7.4,5.2,5,9,-1,0,0,Medium,0.41,Medium
126,63,5.3,1.1,6.9,2.1,5,6,-1,0,1,Medium,0.4,Low
127,41,7.44,5.4,4.4,8.6,9,6,1,0,1,Medium,0.57,Low
128,89,9.02,0.7,7.4,9.6,2,6,-1,0,0,Medium,0.42,Medium
129,89,9.64,5.7,7.1,8.3,6,4,0,0,1,Low,0.24,Low
130,80,5.4,2.9,7.6,6.7,8,3,0,1,0,Medium,0.54,Medium
131,68,8.84,4.1,6.5,6.4,1,3,0,-1,1,Low,0.26,Medium
132,67,5.6,4.2,4.4,2.2,0,7,-1,0,0,Medium,0.62,Medium
133,59,7.96,4.5,7.8,6.0,1,1,1,-1,1,Medium,0.41,Medium
134,75,9.3,5.5,6.1,4.2,2,6,-1,1,0,Low,0.24,Medium
135,72,5.22,4.4,8.5,3.4,1,7,-1,-1,1,Medium,0.55,Medium
136,99,6.73,3.8,6.9,7.3,6,6,-1,1,0,Medium,0.69,Medium
137,76,4.55,3.7,7.0,5.2,6,3,0,0,1,Medium,0.56,Medium
138,69,5.3,3.0,6.9,9.6,8,6,-1,1,0,Medium,0.51,Medium
139,88,9.14,4.9,6.9,8.9,3,2,0,0,0,Low,0.26,Medium
140,68,8.02,1.7,4.9,2.7,0,1,1,0,1,Low,0.14,Low
141,63,8.27,0.6,5.6,9.8,6,8,1,1,1,Low,0.2,Low
142,62,4.66,2.2,7.5,3.6,6,8,0,-1,0,Medium,0.62,Medium
143,77,9.27,1.5,7.5,8.7,9,2,0,-1,1,Medium,0.66,High
144,51,5.12,4.9,8.6,6.8,4,5,-1,0,1,Medium,0.6,Low
145,45,6.25,5.3,9.0,8.0,4,9,1,0,0,Low,0.33,Low
146,58,8.94,4.7,8.0,5.5,0,8,0,0,0,Low,0.1,Low
147,51,7.85,3.6,5.9,6.4,0,1,-1,1,1,Medium,0.4,Medium
148,47,8.18,3.9,6.3,5.0,9,8,0,0,1,Low,0.11,Low
149,51,5.32,3.4,5.2,5.8,6,6,0,0,1,Medium,0.69,High
150,82,4.54,4.1,8.5,3.9,2,4,-1,-1,1,Medium,0.46,Medium
151,43,5.91,2.1,5.5,8.4,2,8,0,0,1,Medium,0.52,Low
152,65,5.17,1.5,7.4,3.5,6,8,-1,0,0,Medium,0.48,Medium
153,43,4.98,5.0,5.9,6.2,6,6,0,-1,1,Medium,0.58,Medium
154,54,7.86,2.8,8.2,9.2,0,5,0,1,1,Low,0.23,Low
155,57,8.72,1.3,6.1,3.2,0,3,0,-1,0,Medium,0.56,Medium
156,76,8.03,3.8,6.7,3.9,8,9,0,1,0,Low,0.31,Medium
157,93,6.95,4.5,4.1,4.7,2,4,0,0,1,Low,0.37,Low
158,75,4.97,5.4,5.0,4.6,5,9,1,-1,0,Medium,0.65,Medium
159,83,5.79,3.5,8.4,7.2,5,3,0,0,1,Low,0.4,Low
160,56,9.98,3.0,5.7,6.6,9,4,-1,-1,0,High,0.87,High
161,55,6.75,2.8,8.1,2.0,7,4,1,0,0,Medium,0.44,Medium
162,93,9.96,5.6,6.7,8.7,4,4,0,0,1,Low,0.34,Low
163,92,9.04,4.8,7.5,2.3,0,7,0,-1,1,Low,0.21,Low
164,96,7.55,2.2,6.0,5.6,3,2,1,0,0,Low,0.34,Medium
165,99,9.18,1.6,8.7,2.9,1,3,0,0,1,Low,0.32,Low
166,46,6.18,0.9,6.0,3.4,1,3,0,0,1,Low,0.27,Low
167,41,5.23,5.2,8.6,5.9,5,4,1,1,0,Medium,0.65,Low
168,73,4.87,0.6,4.7,9.7,3,2,-1,1,1,High,0.7,Medium
169,99,6.51,2.6,6.8,3.5,8,2,0,1,1,Low,0.12,Medium
170,48,6.87,1.4,4.4,8.3,2,7,-1,1,1,Medium,0.64,Low
171,91,5.46,4.1,8.2,7.8,4,4,1,0,1,Low,0.16,Low
172,67,7.15,1.5,5.9,9.7,6,2,0,1,0,Medium,0.41,Medium
173,49,8.25,1.5,7.1,4.6,9,2,-1,-1,0,High,0.9,High
174,75,6.54,2.0,7.2,6.0,6,5,0,0,1,Low,0.36,Low
175,57,7.12,2.6,6.0,5.7,4,1,-1,-1,1,Medium,0.49,High
176,99,4.92,2.0,8.7,4.0,7,5,1,1,1,Low,0.22,Low
177,88,7.88,0.9,6.6,3.2,0,7,-1,-1,1,Medium,0.43,Medium
178,84,8.91,1.1,4.2,6.1,7,4,1,1,0,Medium,0.6,Medium
179,82,6.77,3.5,8.2,2.5,9,6,1,-1,0,Medium,0.63,Medium
180,48,6.6,1.6,4.6,6.9,8,9,-1,0,0,High,0.71,Medium
181,60,5.19,3.1,4.6,5.9,1,1,0,1,0,Medium,0.51,Medium
182,99,6.64,1.4,5.4,9.4,2,1,-1,1,1,Medium,0.64,Medium
183,88,5.92,3.5,7.2,3.8,7,8,0,1,0,Medium,0.6,Medium
184,61,8.64,2.0,6.7,7.8,1,5,1,1,1,Low,0.16,Low
185,63,6.38,2.8,7.8,7.9,2,6,1,1,0,Low,0.13,Low
186,64,8.69,1.4,6.3,2.1,0,5,1,-1,1,Low,0.13,Low
187,81,8.12,2.2,7.7,8.5,1,9,-1,-1,1,Medium,0.56,Medium
188,97,4.69,4.6,5.0,9.7,8,4,1,1,0,Medium,0.49,Medium
189,76,5.19,2.6,7.2,8.2,5,3,0,-1,1,Medium,0.52,Medium
190,60,4.66,1.4,4.9,5.1,0,7,1,-1,1,Medium,0.62,Low
191,97,7.59,3.6,7.0,7.4,1,3,1,1,0,Low,0.29,Medium
192,63,6.34,4.8,7.5,8.3,2,4,0,1,0,Low,0.23,Low
193,98,8.91,4.7,7.7,4.4,0,1,0,1,0,Low,0.31,Medium
194,99,6.61,3.6,6.9,3.5,9,2,1,-1,0,Medium,0.41,High
195,84,8.34,5.6,7.9,2.4,2,3,-1,-1,1,Medium,0.46,High
196,49,9.66,4.4,7.2,2.4,6,2,1,-1,1,Medium,0.62,High
197,93,5.74,1.2,6.0,9.4,8,4,-1,0,1,Medium,0.42,Medium
198,67,6.02,2.0,7.9,9.8,5,9,-1,0,1,Low,0.15,Low
199,82,4.84,5.5,4.7,6.3,0,7,0,1,0,Medium,0.41,Low
200,59,5.2,5.4,6.0,8.6,7,9,-1,0,0,High,0.76,Medium
201,65,5.55,2.4,5.5,9.6,8,9,-1,0,0,Medium,0.47,Medium
202,46,8.26,3.5,8.9,3.8,9,9,1,0,0,Medium,0.56,Medium
203,73,7.17,1.4,8.7,8.8,1,2,1,-1,0,Medium,0.56,Medium
204,99,6.46,5.9,8.0,6.0,6,5,0,1,1,Low,0.33,Low
205,95,5.19,4.1,4.8,4.0,8,8,0,0,0,Medium,0.41,Medium
206,42,9.5,3.5,6.5,2.8,3,7,-1,1,1,Low,0.13,Low
207,50,5.62,3.4,5.4,8.3,3,5,-1,1,0,Medium,0.52,Medium
208,79,7.36,3.0,6.8,3.3,2,3,1,0,0,Low,0.4,Medium
209,40,4.68,2.5,7.7,8.6,4,4,0,0,1,Medium,0.43,Low
210,51,8.57,2.3,8.9,5.9,4,5,0,-1,1,Low,0.15,Low
211,70,8.11,1.2,7.4,2.7,3,9,0,0,1,Low,0.21,Low
212,67,9.22,5.0,6.7,7.7,8,2,1,-1,0,Medium,0.48,High
213,51,6.34,1.5,7.6,8.6,0,5,1,0,0,Medium,0.62,Low
214,50,8.08,3.9,5.8,8.7,2,1,-1,0,1,Medium,0.49,High
215,78,5.42,4.1,9.0,2.6,2,4,0,-1,0,Medium,0.49,Medium
216,74,8.7,2.7,7.8,9.2,0,7,-1,1,1,Low,0.3,Low
217,72,9.31,0.5,4.8,5.1,5,4,-1,0,0,Medium,0.52,Medium
218,98,6.82,0.7,7.7,9.3,6,6,-1,1,1,Medium,0.67,Medium
219,48,9.12,5.9,7.1,6.5,6,9,1,1,1,Low,0.13,Low
220,75,5.03,1.8,4.1,5.8,8,5,1,-1,0,High,0.88,Medium
221,98,9.47,5.2,7.3,6.7,8,8,1,1,0,Low,0.26,Medium
222,87,4.69,3.7,9.0,8.8,4,5,-1,1,1,Medium,0.43,Low
223,48,8.18,5.1,8.4,6.6,6,8,0,0,0,Medium,0.44,Medium
224,91,6.94,3.8,7.2,6.7,2,4,1,1,1,Low,0.13,Low
225,84,9.84,1.9,5.4,5.8,8,1,1,0,1,Low,0.37,Low
226,51,7.82,5.5,5.2,5.8,8,1,1,0,0,Medium,0.53,Medium
227,88,7.34,0.5,4.0,3.8,3,1,0,1,0,Medium,0.53,Medium
228,81,6.11,5.6,6.0,2.7,8,1,-1,1,0,Medium,0.55,High
229,52,8.21,0.7,6.3,9.4,0,8,1,-1,0,Medium,0.48,Medium
230,72,9.03,5.8,8.1,2.0,6,7,-1,1,1,Low,0.31,Medium
231,69,8.9,4.1,4.5,6.8,7,4,-1,-1,1,Medium,0.42,High
232,78,6.77,4.1,7.2,9.1,9,2,1,0,0,Medium,0.58,Medium
233,59,8.01,4.6,6.6,8.6,7,2,-1,-1,1,High,0.83,High
234,94,7.67,0.7,4.6,6.5,8,7,-1,0,1,Medium,0.52,Medium
235,75,8.2,2.0,5.5,8.3,1,3,1,1,0,Low,0.23,Medium
236,87,4.57,2.5,4.1,5.1,7,7,0,-1,0,High,0.74,Medium
237,40,9.71,2.4,6.6,5.0,2,1,-1,0,1,Medium,0.58,Medium
238,91,7.69,3.6,4.5,3.3,1,5,0,1,0,Low,0.39,Low
239,66,5.65,5.6,6.1,5.2,5,5,0,0,0,Low,0.35,Low
240,99,6.23,5.4,7.0,8.6,0,4,-1,-1,1,Medium,0.5,Medium
241,76,7.13,3.4,4.8,4.0,6,3,1,0,1,Medium,0.48,Medium
242,88,7.29,4.2,5.2,8.6,3,3,-1,1,1,Low,0.4,Medium
243,73,7.19,2.7,9.0,9.0,7,6,-1,0,0,Medium,0.46,Medium
244,67,9.19,4.4,8.5,3.1,4,2,1,0,0,Low,0.24,Medium
245,50,7.52,0.8,7.4,5.7,9,6,-1,1,0,Medium,0.55,Medium
246,94,6.56,2.1,5.0,8.1,8,3,0,-1,0,Medium,0.67,High
247,67,9.05,4.7,6.9,9.6,8,8,-1,-1,0,Medium,0.65,High
248,58,6.22,1.9,4.2,9.8,6,2,0,-1,1,High,0.88,High
249,81,7.98,4.0,8.1,4.7,2,8,0,-1,1,Low,0.1,Low
250,47,9.97,1.0,4.0,2.4,3,9,-1,-1,0,High,0.74,Medium
251,44,9.02,5.0,8.4,7.6,7,7,-1,0,1,Medium,0.48,Medium
252,70,4.86,2.4,4.6,8.5,1,3,1,0,1,Medium,0.6,Low
253,73,8.87,4.4,4.3,2.6,7,2,1,1,1,Medium,0.49,Medium
254,94,9.48,2.3,6.4,3.8,8,5,-1,-1,0,Medium,0.51,High
255,61,5.53,4.5,8.3,5.6,3,8,0,0,1,Low,0.24,Low
256,92,8.92,3.5,6.6,3.1,6,8,0,1,0,Low,0.19,Medium
257,73,8.47,2.0,6.0,2.8,0,2,0,0,0,Low,0.12,Medium
258,80,6.37,5.7,4.4,9.4,8,1,1,1,0,Medium,0.65,Medium
259,75,9.49,5.7,6.1,5.0,7,3,-1,-1,1,Medium,0.41,High
260,99,7.98,4.4,4.0,3.3,4,5,-1,1,0,Medium,0.6,Medium
261,48,5.08,4.8,7.2,2.4,4,6,1,-1,0,Medium,0.54,Medium
262,53,8.74,0.5,8.3,3.5,4,4,1,0,1,Low,0.21,Low
263,93,9.34,1.7,7.4,6.9,1,9,1,0,0,Low,0.19,Low
264,60,8.25,3.1,6.9,2.7,2,9,-1,0,1,Low,0.25,Low
265,92,8.28,1.8,8.6,8.7,0,4,0,0,0,Low,0.25,Low
266,56,9.48,2.0,7.6,9.0,9,6,-1,1,1,Medium,0.48,Medium
267,67,9.87,1.2,4.1,8.2,8,2,-1,0,0,High,0.7,High
268,72,8.56,1.7,7.2,6.6,4,4,-1,1,1,Low,0.35,High
269,47,8.81,4.8,6.3,5.2,3,8,1,-1,0,Medium,0.68,Medium
270,52,8.61,3.1,4.3,9.7,8,7,-1,0,0,High,0.94,Low
271,56,5.74,1.6,4.7,7.0,9,3,1,-1,0,High,0.83,High
272,70,8.21,1.9,5.7,9.3,7,6,-1,1,0,Medium,0.61,Low
273,89,4.54,4.0,6.2,3.1,1,6,1,0,0,Low,0.21,Low
274,85,4.92,2.0,8.0,5.7,9,3,0,0,0,Medium,0.54,Medium
275,83,9.14,5.9,8.0,8.8,5,9,1,1,1,Low,0.26,Low
276,76,6.9,3.8,4.4,7.0,9,6,1,-1,0,Medium,0.51,Medium
277,82,7.37,5.9,7.8,3.3,7,4,1,0,0,Low,0.24,Medium
278,59,7.61,4.7,6.5,2.1,9,4,-1,0,0,Medium,0.59,Medium
279,99,5.48,3.3,8.0,4.0,8,3,-1,-1,1,High,0.93,High
280,94,9.56,6.0,4.2,8.1,0,3,-1,0,0,Medium,0.42,Medium
281,65,6.46,4.8,5.3,6.5,1,4,-1,0,0,Low,0.16,Medium
282,91,4.65,5.1,7.8,3.8,0,1,0,0,1,Low,0.18,Low
283,44,8.46,3.6,6.1,4.6,2,3,-1,1,0,Medium,0.67,Medium
284,44,6.81,4.8,6.4,6.0,3,8,-1,1,1,Low,0.36,Low
285,96,6.5,2.1,8.4,5.7,7,8,1,-1,1,Low,0.31,Medium
286,81,9.04,3.3,6.3,2.4,3,7,-1,-1,0,Medium,0.44,Medium
287,96,7.75,0.8,5.8,7.8,7,7,1,0,0,Medium,0.49,Medium
288,90,4.79,1.6,5.6,7.9,3,9,-1,-1,0,High,0.85,Medium
289,76,8.42,5.0,4.9,5.0,5,4,1,0,0,Low,0.26,Low
290,55,4.93,3.5,7.5,3.3,8,1,1,0,1,Medium,0.48,Medium
291,91,7.98,1.2,6.8,8.2,8,3,-1,-1,0,High,0.91,High
292,71,5.04,4.9,4.6,3.0,8,1,0,1,0,Medium,0.46,Medium
293,45,8.16,1.4,4.6,8.1,6,1,-1,1,1,High,0.74,High
294,43,6.61,0.6,8.2,2.1,9,1,0,0,0,Medium,0.43,Medium
295,68,8.99,3.5,8.8,2.4,0,5,1,0,1,Low,0.15,Low
296,74,9.74,1.7,8.4,8.5,3,7,0,0,0,Low,0.25,Medium
297,95,9.64,5.2,8.9,7.0,3,8,-1,-1,1,Low,0.19,Medium
298,66,6.76,5.6,6.2,9.0,4,6,1,-1,1,Low,0.13,Low
299,61,6.33,0.8,5.9,9.6,3,6,1,1,0,Low,0.16,Low
300,93,7.81,5.9,5.6,9.5,8,9,0,0,0,Low,0.39,Medium
301,97,5.12,2.7,7.7,7.6,8,1,1,-1,1,Medium,0.42,High
302,73,7.16,2.0,5.4,7.3,5,7,1,1,0,Low,0.38,Low
303,93,8.33,3.0,4.5,6.4,4,2,0,1,1,Low,0.18,Low
304,72,8.2,3.7,6.6,4.0,1,4,-1,1,1,Low,0.23,Low
305,98,8.55,5.4,5.0,6.7,1,9,-1,-1,0,Medium,0.52,Medium
306,48,6.98,5.8,6.0,8.7,9,6,0,-1,1,Medium,0.4,Medium
307,74,9.4,1.0,8.0,8.9,3,9,1,0,0,Low,0.28,Low
308,96,8.19,4.4,5.0,7.2,4,7,1,1,1,Low,0.17,Low
309,44,4.92,5.5,5.8,5.4,9,1,1,0,1,Medium,0.69,Medium
310,77,6.61,3.2,5.4,8.3,2,6,-1,1,1,Low,0.4,Low
311,85,6.54,5.6,6.9,6.3,0,1,0,-1,0,Low,0.11,Medium
312,41,7.97,1.9,7.5,5.4,3,2,1,-1,0,Medium,0.42,Medium
313,61,8.82,3.8,5.0,6.7,6,6,1,-1,0,Medium,0.61,Low
314,40,9.58,1.1,6.6,8.3,4,2,1,1,0,Medium,0.65,Medium
315,43,6.09,2.2,5.2,6.1,6,9,-1,-1,0,High,0.72,High
316,84,6.19,5.5,8.8,4.6,9,1,0,0,0,Low,0.17,Medium
317,48,4.93,5.1,5.7,6.2,4,7,-1,1,1,Medium,0.62,Low
318,61,6.13,3.0,6.1,7.8,3,7,-1,-1,0,Medium,0.4,Medium
319,45,8.84,2.1,6.7,4.8,9,3,0,0,1,Medium,0.59,Medium
320,73,7.36,3.8,5.2,2.5,5,3,0,1,1,Low,0.39,Low
321,48,6.79,2.9,6.7,7.6,9,1,-1,0,1,Medium,0.52,High
322,73,4.62,5.7,7.5,6.0,6,8,0,-1,0,Medium,0.43,Medium
323,42,5.62,3.3,6.1,2.1,0,9,1,-1,0,Medium,0.57,Medium
324,71,8.43,5.3,7.7,7.6,7,1,-1,-1,1,Medium,0.65,High
325,90,6.07,3.4,6.6,8.6,8,3,1,-1,1,Medium,0.52,High
326,90,6.04,1.6,4.2,5.8,8,8,1,-1,0,Medium,0.42,Medium
327,84,9.94,1.8,8.7,2.3,2,3,1,0,1,Low,0.21,Medium
328,43,7.05,4.5,7.3,7.7,1,1,-1,1,1,Medium,0.43,Medium
329,87,4.87,4.7,6.9,8.3,6,4,-1,1,0,Medium,0.46,Medium
330,98,5.43,1.6,8.5,8.0,0,7,1,1,0,Medium,0.6,Low
331,76,7.48,4.7,5.5,5.3,5,8,1,-1,1,Low,0.28,Low
332,69,9.49,3.3,4.9,2.6,1,2,1,0,0,Low,0.3,Medium
333,77,7.43,4.0,7.7,3.8,4,4,1,0,1,Low,0.3,Low
334,43,7.04,5.9,7.9,8.2,3,1,-1,-1,0,High,0.77,High
335,71,5.84,3.6,4.2,7.3,5,9,0,1,1,Medium,0.5,Low
336,79,8.17,1.0,7.7,8.5,5,4,1,-1,0,Medium,0.64,Medium
337,42,9.99,1.8,4.2,5.3,0,3,1,1,0,Medium,0.64,Medium
338,99,8.1,1.8,4.1,8.1,1,1,1,1,1,Medium,0.59,Low
339,55,6.78,2.7,6.0,2.6,2,2,0,-1,0,Medium,0.57,Medium
340,62,9.61,5.6,5.7,6.2,4,3,-1,0,1,Low,0.36,Medium
341,77,7.76,0.8,6.3,7.4,6,6,0,1,0,Medium,0.45,Medium
342,80,8.04,5.9,4.3,6.4,0,7,-1,1,1,Low,0.31,Low
343,86,6.99,5.7,4.3,7.5,0,7,1,1,0,Low,0.35,Low
344,69,9.51,4.0,8.8,9.1,1,5,-1,0,1,Low,0.38,Low
345,47,5.02,3.8,7.5,2.5,9,1,1,0,1,Medium,0.58,Medium
346,98,9.37,1.6,7.7,4.3,8,3,1,-1,1,Medium,0.61,High
347,96,7.06,5.2,4.3,4.7,6,5,1,-1,0,Medium,0.66,Medium
348,58,7.54,4.8,6.1,3.3,3,2,0,0,1,Low,0.15,Low
349,42,9.92,1.4,4.6,2.1,6,8,1,0,1,Medium,0.49,Low
350,99,9.05,2.5,5.8,4.4,3,5,0,0,1,Low,0.14,Low
351,63,5.35,1.0,6.4,4.4,4,6,0,0,1,Low,0.29,Low
352,62,4.95,3.0,5.5,8.6,9,5,0,-1,1,Medium,0.62,Medium
353,90,9.95,4.2,5.0,2.4,6,7,-1,-1,1,Medium,0.67,High
354,66,7.38,3.1,7.3,6.5,5,3,1,-1,0,Low,0.34,Medium
355,78,7.0,4.7,4.6,3.6,0,1,-1,0,0,Medium,0.62,Medium
356,53,8.05,1.8,6.8,5.0,5,6,-1,0,0,Medium,0.47,Medium
357,73,9.47,3.8,6.9,6.5,8,6,0,1,1,Low,0.21,Low
358,98,9.15,4.9,4.9,7.4,8,5,0,1,0,Medium,0.48,High
359,81,8.86,4.0,7.8,3.2,0,1,1,-1,0,Low,0.19,Medium
360,66,4.72,2.1,5.0,3.9,6,5,-1,-1,0,High,0.74,High
361,57,7.32,4.4,8.7,5.0,1,5,0,-1,1,Low,0.2,Low
362,91,8.19,3.1,7.9,3.0,3,1,-1,-1,1,Medium,0.7,High
363,50,6.97,1.8,4.2,7.8,8,9,1,0,1,Medium,0.51,Low
364,90,8.63,1.2,7.9,3.9,4,5,1,0,1,Low,0.12,High
365,93,4.98,2.1,6.1,4.3,4,3,0,1,1,Low,0.38,Low
366,56,8.09,1.6,5.5,7.0,4,3,0,0,0,Medium,0.48,Medium
367,91,8.23,3.5,5.7,5.5,2,3,0,1,1,Low,0.18,Low
368,79,7.48,5.9,8.7,5.6,5,9,1,1,1,Low,0.2,Low
369,73,5.54,0.5,4.3,9.2,3,8,0,1,0,Medium,0.49,Low
370,66,4.81,0.5,5.1,7.3,9,2,1,1,1,Medium,0.67,Medium
371,62,6.14,1.1,6.2,7.8,2,5,-1,-1,1,Medium,0.44,Medium
372,72,5.14,4.3,8.7,3.1,8,5,-1,0,0,Medium,0.51,High
373,62,8.12,5.6,8.1,6.5,6,3,0,0,0,Low,0.38,High
374,44,5.04,0.9,5.8,2.7,5,5,-1,1,1,Medium,0.64,Low
375,90,8.12,3.4,4.5,3.4,7,6,0,0,0,Medium,0.41,Medium
376,95,6.41,0.8,4.3,7.5,6,6,-1,1,0,High,0.76,Medium
377,93,9.44,4.6,4.4,9.2,7,1,-1,0,1,Medium,0.45,High
378,87,7.15,5.1,5.1,5.0,5,1,1,-1,1,Low,0.38,Medium
379,61,4.92,2.8,7.0,9.5,9,4,0,0,0,Medium,0.6,Medium
380,56,9.6,5.1,5.1,3.9,2,3,-1,1,0,Medium,0.47,Medium
381,97,9.09,5.0,7.1,5.0,1,1,1,-1,1,Low,0.3,Medium
382,87,5.69,2.1,6.8,2.2,3,2,1,1,1,Low,0.2,Low
383,70,9.77,1.7,8.4,9.5,2,7,0,-1,0,Medium,0.49,Medium
384,57,4.74,4.8,6.0,5.6,6,5,0,0,1,Medium,0.65,Low
385,43,8.72,3.3,6.2,4.0,9,9,-1,0,1,Medium,0.46,Medium
386,42,9.06,4.4,7.5,4.6,0,9,1,-1,1,Low,0.3,Low
387,61,5.23,2.6,7.1,5.6,9,3,-1,1,1,Medium,0.61,High
388,80,5.59,0.9,8.4,5.4,3,7,0,-1,1,Medium,0.44,Low
389,86,8.67,5.4,4.4,5.1,6,9,-1,0,0,Medium,0.58,Medium
390,74,5.79,5.1,8.7,4.4,0,2,-1,0,1,Medium,0.42,Low
391,90,6.66,0.7,6.9,2.1,9,4,1,0,1,Low,0.12,Low
392,54,5.99,5.5,5.9,6.4,7,1,1,-1,0,High,0.76,High
393,44,4.99,1.6,4.3,7.0,4,7,0,0,0,Medium,0.42,Low
394,76,8.5,3.2,7.5,6.4,9,5,-1,1,0,Medium,0.45,Medium
395,45,6.41,2.7,4.6,3.4,5,4,0,-1,0,Medium,0.61,Medium
396,93,5.93,5.4,8.5,4.4,6,3,1,0,1,Medium,0.66,Medium
397,59,8.2,5.0,6.0,3.3,4,6,0,-1,1,Low,0.12,Low
398,81,7.28,1.1,4.8,4.8,2,9,-1,-1,0,Medium,0.49,Medium
399,41,6.89,3.0,7.1,7.3,6,5,1,1,1,Medium,0.65,Low
400,43,7.82,3.4,5.3,5.8,0,5,0,1,1,Low,0.28,Low
401,58,5.19,5.9,7.4,8.8,2,1,0,0,0,Medium,0.6,Medium
402,69,6.58,1.3,4.1,5.7,9,8,-1,-1,1,High,0.89,High
403,76,8.08,1.7,4.6,7.6,8,2,0,-1,1,High,0.8,High
404,65,4.58,0.9,5.3,2.2,1,1,1,0,0,Medium,0.59,Medium
405,41,4.78,5.4,6.9,6.5,7,5,0,0,1,Medium,0.65,Low
406,73,9.54,2.7,4.7,7.7,3,6,0,1,1,Low,0.4,Low
407,71,8.22,4.2,8.7,4.4,4,4,-1,1,1,Low,0.23,Low
408,84,9.1,1.2,4.6,8.5,0,9,0,1,1,Low,0.29,Low
409,91,8.05,2.1,5.5,9.1,4,3,-1,1,1,Low,0.1,Medium
410,79,9.42,5.0,8.5,6.4,8,6,0,-1,0,Medium,0.52,Medium
411,94,7.14,1.3,4.4,8.6,5,8,1,-1,1,Medium,0.66,Low
412,85,7.05,2.3,6.4,4.5,1,4,0,-1,1,Low,0.14,Low
413,74,8.17,1.2,6.9,4.1,6,4,1,0,0,Low,0.32,Medium
414,52,8.21,4.7,5.5,5.9,5,3,0,0,1,Low,0.18,Low
415,52,7.48,1.0,4.3,2.8,6,6,0,1,0,Medium,0.61,Medium
416,77,8.09,1.3,8.9,6.4,3,6,1,1,0,Low,0.37,Low
417,51,8.36,3.6,5.8,9.3,4,8,-1,-1,0,Medium,0.65,Medium
418,91,8.22,2.7,7.8,5.6,5,9,1,-1,0,Low,0.2,Medium
419,96,6.58,0.8,5.7,6.0,2,1,1,0,1,Low,0.38,Low
420,85,9.36,2.8,5.9,7.3,5,4,0,0,1,Low,0.34,Low
421,61,5.24,1.6,4.9,4.1,1,6,1,-1,0,Medium,0.45,Medium
422,43,8.54,1.6,4.3,6.4,1,9,-1,1,1,Medium,0.5,Low
423,89,7.41,4.2,7.0,3.2,2,4,-1,-1,0,Medium,0.68,Medium
424,78,7.26,1.6,5.6,8.3,3,2,0,-1,0,Medium,0.68,Medium
425,97,9.93,2.3,6.0,6.8,7,6,1,-1,1,Low,0.27,Medium
426,96,9.42,1.3,7.9,6.9,6,9,0,-1,1,Medium,0.64,Medium
427,92,6.92,4.0,5.9,2.4,2,7,1,0,1,Low,0.33,Low
428,83,4.77,5.0,8.1,6.7,0,2,-1,0,1,Medium,0.65,Medium
429,64,6.95,0.6,5.2,8.9,6,3,1,-1,0,Medium,0.41,High
430,44,7.82,4.7,6.6,3.8,6,7,-1,1,0,Medium,0.44,Medium
431,68,6.63,0.8,6.0,6.1,2,3,1,0,1,Low,0.24,High
432,84,7.54,3.4,9.0,3.6,4,9,1,1,0,Low,0.11,Low
433,63,7.39,3.0,5.7,6.7,7,8,-1,-1,1,Medium,0.45,High
434,65,8.66,4.2,4.8,2.5,5,5,1,-1,1,Low,0.38,Medium
435,98,4.52,4.2,7.2,5.3,8,8,-1,0,0,Medium,0.43,Medium
436,47,7.52,5.8,4.6,5.9,4,9,0,0,0,Medium,0.46,Low
437,84,7.11,5.6,4.4,4.2,8,7,1,1,0,Medium,0.5,Medium
438,53,9.07,1.7,6.0,5.3,6,6,1,0,0,Medium,0.5,Medium
439,67,8.52,2.5,6.6,2.5,0,5,0,1,1,Low,0.3,Low
440,77,6.72,3.4,9.0,3.1,2,8,1,1,1,Low,0.36,Low
441,64,6.75,2.4,5.5,7.8,6,2,1,1,0,Medium,0.6,Medium
442,66,7.64,1.7,7.7,2.2,9,7,0,1,1,Low,0.2,Low
443,96,8.88,4.5,7.1,5.9,6,4,-1,0,0,Medium,0.42,Medium
444,41,6.09,0.5,6.5,4.3,5,6,-1,1,1,Medium,0.43,Low
445,92,7.09,1.0,7.1,6.4,7,3,0,-1,1,Medium,0.48,High
446,82,7.73,2.2,7.1,8.5,8,6,1,-1,0,Medium,0.5,Medium
447,55,5.59,1.9,5.5,6.4,5,5,0,0,1,Medium,0.65,Low
448,70,5.45,3.3,5.1,4.3,3,9,1,1,1,Low,0.29,Low
449,48,6.11,2.0,5.7,6.5,4,7,-1,1,1,Low,0.37,Low
450,43,9.98,4.5,5.4,9.0,8,5,1,1,0,Medium,0.44,Medium
451,95,6.79,2.5,8.6,2.3,6,2,0,1,0,Low,0.39,Medium
452,62,6.62,2.6,8.4,3.2,1,4,1,-1,0,Low,0.3,Medium
453,78,7.98,4.5,5.8,3.2,5,4,-1,1,1,Low,0.22,Low
454,86,9.57,5.0,8.1,8.4,6,3,1,0,0,Medium,0.6,Medium
455,69,6.37,0.8,6.4,2.9,7,2,1,0,0,Medium,0.49,Medium
456,66,8.82,2.0,8.6,2.8,5,9,1,-1,1,Low,0.29,Low
457,90,6.18,0.9,4.9,2.0,2,5,0,1,1,Low,0.38,Low
458,87,6.22,5.2,4.7,7.6,7,8,0,1,0,Medium,0.59,Medium
459,46,8.45,3.1,8.2,5.1,8,5,-1,0,0,Medium,0.62,Medium
460,56,7.03,5.1,8.1,7.7,2,4,0,1,1,Low,0.31,Low
461,56,6.17,1.3,7.1,4.5,1,6,1,1,1,Low,0.29,Low
462,42,7.96,5.2,4.7,9.8,3,1,-1,-1,1,High,0.79,High
463,96,5.44,1.4,6.3,2.3,8,6,0,1,1,Medium,0.54,Low
464,64,7.77,2.8,6.1,8.3,2,5,0,0,1,Low,0.23,Low
465,97,4.75,5.6,7.3,8.0,0,7,-1,-1,0,Medium,0.68,Medium
466,80,7.64,3.1,8.3,2.8,3,6,0,0,1,Low,0.15,Low
467,85,9.32,4.5,5.2,7.6,3,4,-1,0,0,Low,0.21,Medium
468,67,5.79,4.6,8.6,2.9,1,7,0,0,1,Low,0.11,Low
469,57,6.99,4.6,7.4,8.5,0,2,1,0,0,Medium,0.41,Medium
470,43,9.94,3.2,8.9,8.0,5,1,0,-1,1,Medium,0.66,Medium
471,65,6.4,0.5,6.0,3.9,2,6,1,0,1,Low,0.19,Low
472,63,7.46,1.5,6.1,2.5,2,6,1,0,0,Low,0.32,Low
473,40,9.74,0.8,5.5,4.4,6,9,1,0,1,Medium,0.44,Low
474,58,6.29,0.6,7.8,2.3,4,6,-1,-1,0,Medium,0.54,Medium
475,55,5.43,5.2,4.1,6.1,0,4,0,1,0,Medium,0.65,Low
476,83,7.83,3.3,8.4,9.6,6,3,0,0,1,Low,0.19,Medium
477,45,8.1,2.8,7.3,2.9,9,6,1,0,1,Low,0.22,Medium
478,52,9.76,5.7,5.8,2.3,6,9,-1,-1,1,Medium,0.63,High
479,62,7.91,3.1,6.4,8.1,2,7,-1,0,0,Low,0.38,Medium
480,42,9.04,4.3,8.6,8.6,3,6,1,0,0,Low,0.35,Low
481,60,6.6,1.2,5.0,3.9,9,3,-1,1,1,Medium,0.65,High
482,85,7.09,3.1,5.9,6.1,8,7,0,1,1,Low,0.19,Low
483,87,5.82,2.6,4.4,3.2,7,1,-1,-1,0,High,0.7,High
484,63,6.19,5.6,4.8,9.7,7,5,-1,0,0,Medium,0.48,Low
485,57,8.51,2.2,7.0,3.6,0,4,0,1,1,Low,0.27,Low
486,83,4.77,1.9,6.3,3.8,2,4,0,-1,1,Medium,0.5,Low
487,57,9.06,1.5,8.6,6.4,0,1,1,1,0,Medium,0.64,Medium
488,47,8.87,5.7,7.1,7.9,7,6,0,-1,0,Medium,0.41,Medium
489,47,8.62,2.5,7.2,3.5,8,7,-1,0,0,Medium,0.54,Medium
490,91,7.42,2.7,7.1,8.4,0,1,-1,0,1,Low,0.3,Medium
491,60,5.63,0.5,4.2,9.8,6,1,0,0,1,High,0.91,Medium
492,94,8.52,4.7,8.9,6.6,1,6,-1,0,1,Low,0.2,Low
493,69,6.29,1.6,6.8,6.7,3,5,1,-1,1,Low,0.21,Low
494,54,6.87,1.4,7.5,6.3,2,6,-1,0,0,Medium,0.62,Medium
495,77,9.22,4.2,6.2,9.6,9,6,1,0,1,Low,0.12,Low
496,56,8.86,5.0,6.4,2.5,9,2,0,-1,1,Medium,0.67,High
497,58,9.57,4.7,7.0,3.5,2,9,1,-1,1,Low,0.26,Low
498,92,8.5,5.0,5.3,8.2,9,6,0,-1,1,Medium,0.57,Medium
499,78,9.41,2.6,5.4,7.8,5,6,-1,0,1,Low,0.36,Medium
500,56,7.93,0.8,5.6,7.4,4,8,0,-1,0,Medium,0.47,Medium
501,98,8.81,4.6,6.3,8.8,9,9,0,0,1,Low,0.24,Low
502,96,4.79,5.1,4.6,2.4,7,1,-1,0,1,High,0.73,High
503,59,6.97,3.7,6.9,4.7,7,8,-1,0,1,Medium,0.47,Medium
504,88,9.81,5.8,8.3,6.8,7,9,0,1,1,Low,0.24,Low
505,62,5.96,1.4,4.5,5.4,8,8,0,-1,1,High,0.85,Medium
506,52,6.25,1.7,6.6,2.8,1,2,-1,-1,1,Medium,0.61,High
507,65,9.18,2.4,4.2,8.0,8,5,-1,-1,0,High,0.92,High
508,92,6.24,5.1,6.4,7.4,2,4,-1,0,0,Low,0.16,Medium
509,76,9.98,3.0,5.3,5.5,6,8,-1,1,0,Medium,0.46,Medium
510,43,9.11,4.9,5.6,2.1,9,5,-1,-1,1,Medium,0.52,High
511,67,9.06,1.2,8.7,8.0,9,6,-1,-1,0,High,0.88,High
512,90,5.63,4.9,7.7,2.5,2,6,1,0,1,Low,0.39,Low
513,55,8.45,5.9,5.9,8.4,2,9,-1,-1,1,Medium,0.62,Medium
514,96,6.29,4.7,6.0,6.9,1,4,-1,0,1,Low,0.21,Low
515,56,6.7,0.8,6.9,9.1,6,1,0,0,0,Medium,0.53,Medium
516,48,7.72,1.9,8.7,3.0,7,3,1,0,0,Medium,0.67,Medium
517,55,7.45,4.4,6.2,9.5,3,3,0,-1,1,Medium,0.66,Medium
518,99,4.88,3.5,6.1,9.0,9,7,0,-1,1,Medium,0.42,Medium
519,76,6.71,3.3,8.2,7.2,1,4,1,-1,1,Low,0.17,Low
520,43,6.57,5.0,4.0,5.7,8,7,-1,0,1,Medium,0.48,Medium
521,90,7.37,1.2,8.8,7.1,4,1,-1,-1,0,Medium,0.41,High
522,91,7.83,2.9,4.1,8.3,0,8,-1,0,0,Medium,0.64,Medium
523,83,6.64,5.4,8.5,4.7,4,8,0,1,1,Low,0.24,Low
524,67,5.94,3.1,5.6,9.6,2,1,-1,-1,0,High,0.91,High
525,79,5.35,2.9,6.6,4.1,3,2,-1,1,1,Medium,0.68,Medium
526,52,6.41,4.9,7.1,9.5,7,7,0,1,1,Medium,0.69,Low
527,56,4.63,3.4,7.4,8.0,4,7,0,-1,1,Medium,0.56,Low
528,75,5.03,0.8,4.6,2.5,3,8,-1,-1,1,High,0.84,Medium
529,57,5.0,4.2,4.7,8.8,2,7,-1,-1,0,High,0.71,Medium
530,67,7.16,4.9,6.9,4.7,3,1,-1,-1,0,Medium,0.55,High
531,98,5.52,1.5,6.6,8.8,1,7,-1,-1,1,Medium,0.66,Medium
532,73,6.55,1.0,6.3,5.2,8,8,1,1,0,Low,0.27,Medium
533,69,9.43,5.8,6.2,4.6,5,7,-1,0,0,Low,0.11,Medium
534,40,8.61,0.8,8.7,7.7,9,6,1,0,1,Medium,0.53,Low
535,97,8.82,2.7,4.0,8.8,6,7,1,0,1,Medium,0.55,Low
536,90,5.66,5.1,4.2,8.8,1,3,1,0,1,Medium,0.69,Low
537,87,5.71,1.9,8.4,2.7,7,1,0,1,0,Medium,0.62,Low
538,58,5.27,5.3,8.4,5.3,3,9,-1,0,0,Medium,0.48,Medium
539,79,5.0,4.6,4.1,7.2,3,8,-1,1,0,Medium,0.61,Medium
540,91,5.47,5.3,6.2,3.1,2,3,0,-1,1,Medium,0.66,Low
541,92,7.63,3.4,6.3,5.2,5,3,1,-1,1,Low,0.27,Medium
542,95,7.51,4.4,6.2,2.2,6,2,0,-1,0,Medium,0.55,High
543,89,6.95,3.5,5.5,5.6,5,7,1,0,1,Low,0.19,Low
544,59,5.13,4.0,8.2,6.6,3,1,0,0,0,Medium,0.48,Medium
545,93,4.95,2.9,5.5,6.4,9,2,1,-1,1,Medium,0.43,High
546,67,7.38,4.2,5.3,9.3,4,7,-1,-1,0,Medium,0.49,Medium
547,65,5.92,1.2,5.3,5.1,6,2,-1,1,1,Medium,0.61,High
548,48,9.63,5.2,4.9,5.5,2,8,-1,1,0,Medium,0.7,Low
549,60,6.74,2.4,4.1,2.7,1,1,1,1,0,Low,0.3,Medium
550,64,8.63,3.7,5.1,2.8,9,5,-1,0,1,Low,0.24,Medium
551,49,6.01,2.7,8.7,4.7,0,3,0,-1,1,Medium,0.65,Medium
552,65,8.43,2.0,5.6,3.0,0,5,1,1,0,Low,0.39,Low
553,82,4.92,4.2,8.1,4.0,5,9,1,-1,0,Medium,0.6,Medium
554,47,9.51,5.0,7.8,2.4,9,2,-1,-1,1,High,0.85,High
555,49,7.7,1.5,4.9,3.5,5,7,1,-1,1,Medium,0.44,Low
556,87,7.65,5.0,5.6,4.8,7,3,-1,1,1,Medium,0.57,High
557,44,9.41,4.3,5.4,7.6,1,9,-1,-1,0,Medium,0.69,Medium
558,91,6.39,2.3,7.0,4.6,4,2,0,0,1,Low,0.35,Low
559,59,9.18,2.1,7.2,4.5,0,5,-1,0,0,Medium,0.45,Medium
560,50,5.7,3.9,4.2,5.9,7,3,1,-1,0,High,0.76,High
561,96,6.43,5.1,6.5,9.3,4,3,-1,0,0,Medium,0.49,Medium
562,81,4.8,5.1,6.3,4.1,0,1,-1,1,1,Medium,0.67,Medium
563,43,7.5,4.3,5.0,6.2,7,3,0,0,1,Medium,0.44,Medium
564,97,7.32,1.1,6.1,5.6,3,5,-1,-1,1,Medium,0.51,Medium
565,61,5.76,1.7,4.3,2.1,5,5,-1,1,0,Medium,0.65,Medium
566,76,5.51,0.5,6.3,7.5,9,7,0,1,0,Medium,0.64,Medium
567,58,9.21,5.0,6.2,5.9,6,3,-1,-1,1,High,0.93,High
568,56,9.74,1.8,7.1,5.8,1,9,0,-1,0,Medium,0.59,Medium
569,54,6.24,4.9,7.4,4.4,1,9,-1,1,1,Low,0.38,Low
570,89,7.78,1.1,4.1,9.3,3,9,-1,0,0,Medium,0.48,Medium
571,67,5.8,1.0,7.9,7.0,4,9,0,-1,1,Medium,0.56,Low
572,68,8.99,2.6,4.4,4.7,2,4,-1,1,0,Medium,0.67,Medium
573,62,6.05,0.9,4.3,3.0,1,2,-1,0,0,Medium,0.53,Medium
574,95,5.46,2.5,7.2,2.6,5,6,1,1,0,Low,0.11,Low
575,63,6.88,4.9,7.0,9.1,0,4,0,1,0,Low,0.37,Low
576,75,5.01,0.6,8.4,3.9,1,8,0,-1,0,Medium,0.69,Medium
577,64,8.15,2.4,4.1,7.5,7,3,0,0,0,Medium,0.53,Medium
578,58,9.33,2.0,8.9,5.1,7,5,0,-1,0,Medium,0.57,Medium
579,54,9.27,4.2,6.2,5.9,1,5,0,0,1,Low,0.31,Low
580,87,7.17,3.6,8.6,8.4,5,8,0,1,0,Low,0.25,Low
581,94,5.7,1.9,8.2,5.7,9,7,1,0,1,Medium,0.67,Low
582,79,5.05,3.9,6.2,8.2,8,4,0,-1,0,Medium,0.68,Medium
583,74,7.34,1.0,8.9,7.3,0,3,1,0,0,Low,0.19,Medium
584,42,5.85,4.4,7.9,7.4,1,9,0,-1,0,Medium,0.52,Medium
585,61,8.53,4.3,5.1,3.9,5,9,1,0,0,Low,0.39,Low
586,41,5.98,6.0,8.3,5.3,2,9,-1,-1,0,High,0.86,Medium
587,77,8.73,5.0,6.0,9.6,5,7,-1,-1,0,Medium,0.61,Medium
588,42,9.04,4.9,5.0,8.4,4,9,-1,1,0,Medium,0.41,Medium
589,63,9.81,2.0,6.0,9.9,6,9,0,-1,0,Medium,0.68,Medium
590,60,6.38,5.7,8.5,7.7,5,4,0,-1,1,Low,0.33,Low
591,80,5.32,4.1,4.9,9.0,8,9,1,1,1,Medium,0.63,Low
592,78,5.89,4.9,8.1,9.8,4,8,0,-1,1,Medium,0.56,Low
593,55,4.99,2.8,8.3,8.8,7,9,0,1,1,Medium,0.58,Low
594,71,8.84,1.8,7.2,3.9,8,8,0,-1,1,Medium,0.66,Medium
595,99,6.09,3.0,4.6,5.6,4,1,-1,-1,0,Medium,0.68,High
596,56,6.47,3.4,6.9,8.4,7,2,1,0,1,Medium,0.42,Medium
597,48,6.33,3.2,6.9,3.9,2,8,-1,0,1,Low,0.27,Low
598,63,9.72,2.2,4.8,5.7,0,7,1,0,1,Low,0.27,Low
599,88,8.2,2.3,5.4,3.5,5,8,1,-1,1,Low,0.12,Low
600,77,6.8,4.8,5.7,6.5,5,2,1,1,0,Low,0.36,Medium
601,93,5.51,5.0,6.1,3.5,9,1,0,0,1,Medium,0.44,Medium
602,66,6.57,5.6,6.7,4.2,9,9,1,0,1,Low,0.26,Low
603,67,4.52,6.0,8.0,8.3,3,7,1,1,0,Low,0.3,Low
604,68,7.47,0.9,4.1,2.8,3,6,0,0,0,Low,0.35,Low
605,67,6.49,1.1,8.4,8.3,6,2,0,0,1,Medium,0.59,Medium
606,83,7.47,0.8,4.3,3.5,6,9,-1,0,0,Medium,0.7,Medium
607,60,5.35,2.2,5.2,5.0,3,8,-1,-1,0,Medium,0.57,Medium
608,57,4.79,3.9,4.3,8.7,1,6,0,0,0,Medium,0.66,Low
609,41,6.25,3.8,5.1,2.9,0,6,1,0,0,Low,0.14,Low
610,63,5.59,6.0,4.0,7.1,7,1,0,-1,0,High,0.72,High
611,62,9.42,3.4,5.3,8.1,9,2,0,0,1,Low,0.12,Medium
612,84,8.31,1.8,8.7,2.8,1,8,1,1,0,Low,0.1,Low
613,46,8.39,1.5,5.8,2.8,4,2,0,0,1,Low,0.21,Low
614,77,9.51,3.5,4.9,5.0,3,3,1,1,0,Low,0.37,Medium
615,85,5.72,4.5,6.5,5.3,8,9,0,-1,0,Medium,0.67,Medium
616,66,4.6,2.7,6.7,7.0,4,1,0,1,1,Low,0.26,Low
617,57,9.13,3.3,8.9,2.8,7,2,-1,1,1,Medium,0.54,High
618,83,8.09,1.9,5.8,8.7,7,3,1,-1,0,Medium,0.52,High
619,71,9.27,2.9,8.8,5.6,7,7,1,0,0,Low,0.32,Medium
620,89,9.35,2.4,4.4,7.8,5,8,1,1,0,Low,0.33,Low
621,93,7.27,0.6,5.8,6.8,0,1,1,0,1,Low,0.32,Low
622,72,9.63,4.5,6.9,7.2,9,6,1,-1,0,Medium,0.56,Medium
623,85,6.93,4.2,5.6,7.5,9,9,-1,-1,0,Medium,0.62,High
624,78,6.82,1.0,4.6,5.3,5,4,-1,0,1,Medium,0.47,Low
625,70,7.99,4.9,8.1,8.9,7,1,0,-1,1,Medium,0.4,High
626,98,7.63,5.6,8.8,6.3,8,2,-1,-1,0,Medium,0.46,High
627,83,5.82,3.1,6.3,6.7,7,1,0,-1,0,Medium,0.46,High
628,53,5.65,0.7,7.7,8.6,9,6,-1,-1,1,High,0.87,High
629,86,7.03,4.0,6.8,7.9,4,7,0,0,1,Low,0.29,Low
630,72,8.31,5.9,5.4,6.0,7,7,0,-1,0,Medium,0.56,Medium
631,89,9.3,0.8,8.4,4.6,5,6,-1,-1,0,Medium,0.62,Medium
632,99,9.21,2.7,5.0,5.4,8,7,0,1,1,Low,0.18,Low
633,91,4.82,1.9,6.2,3.3,1,8,-1,0,1,Medium,0.45,Low
634,49,9.35,3.3,7.9,6.5,4,7,-1,0,0,Medium,0.66,Medium
635,61,4.62,4.5,4.2,6.8,1,2,1,0,1,Medium,0.53,Low
636,83,9.13,6.0,6.2,4.6,7,7,0,-1,0,Medium,0.52,Medium
637,88,5.96,4.3,8.7,4.1,3,2,-1,1,0,Medium,0.48,Medium
638,62,5.71,3.0,8.0,6.4,1,4,-1,-1,1,Medium,0.56,Medium
639,79,7.76,3.2,7.1,2.1,5,8,0,1,0,Low,0.15,Low
640,84,6.14,2.8,5.1,9.7,4,4,1,-1,0,Low,0.17,Medium
641,69,7.84,5.9,8.2,2.3,2,4,-1,-1,0,Medium,0.5,Medium
642,63,8.81,5.2,8.0,6.1,1,7,1,-1,0,Low,0.32,Medium
643,68,8.86,1.5,4.3,10.0,2,7,0,-1,0,Medium,0.57,Medium
644,63,6.29,1.7,8.6,8.9,6,2,1,0,1,Medium,0.64,Medium
645,67,7.35,5.9,7.5,7.4,5,2,0,1,0,Low,0.2,Medium
646,40,4.55,4.7,7.6,4.9,6,4,-1,0,0,High,0.85,Medium
647,41,7.67,1.4,5.8,7.6,5,5,1,-1,1,Medium,0.57,Medium
648,95,9.35,0.9,7.5,9.4,3,8,1,-1,0,Medium,0.68,Medium
649,99,7.26,2.9,5.7,7.8,4,9,0,1,0,Low,0.28,Low
650,74,6.0,1.1,5.3,9.4,0,8,-1,-1,0,Medium,0.68,Medium
651,96,7.38,1.1,4.6,6.3,7,7,1,1,1,Medium,0.58,Low
652,45,7.42,4.1,7.0,5.4,7,3,0,-1,1,Medium,0.55,High
653,99,9.85,2.1,4.4,4.8,1,7,1,1,1,Low,0.14,Low
654,57,9.71,0.9,6.3,6.9,8,2,0,1,0,Medium,0.58,Medium
655,95,5.97,2.8,8.5,9.2,8,2,0,1,0,Medium,0.66,Medium
656,63,6.86,3.7,6.6,3.2,9,5,1,-1,1,Low,0.21,Medium
657,60,8.61,5.4,7.8,4.7,5,4,0,-1,1,Low,0.18,Low
658,75,5.85,0.8,4.7,8.9,7,8,0,0,1,Medium,0.56,Low
659,88,8.64,0.6,6.6,6.2,5,7,0,-1,0,Low,0.16,Medium
660,81,5.7,4.2,8.0,6.5,9,3,-1,-1,1,High,0.8,High
661,95,8.6,2.6,5.5,5.7,0,1,-1,-1,0,Medium,0.6,High
662,43,7.24,2.9,5.1,3.0,6,9,0,1,1,Low,0.23,Low
663,44,7.75,5.4,8.4,8.0,0,6,0,-1,0,Medium,0.69,Medium
664,59,4.52,0.6,6.1,3.2,4,4,-1,-1,0,High,0.7,Medium
665,41,5.29,4.7,7.9,7.1,6,1,0,-1,0,High,0.72,High
666,96,8.49,1.1,6.6,6.7,7,7,-1,1,0,Medium,0.45,Medium
667,48,6.08,2.0,4.8,3.3,1,9,0,-1,1,Medium,0.69,Low
668,54,5.95,2.1,6.6,8.5,5,3,0,0,0,Medium,0.54,Medium
669,81,5.26,2.8,6.8,6.8,3,7,-1,0,1,Low,0.36,Low
670,78,9.04,2.2,6.0,4.5,0,7,-1,1,0,Low,0.26,High
671,67,5.71,3.1,6.2,8.4,8,8,-1,-1,0,High,0.74,High
672,56,8.17,4.9,6.5,2.4,3,6,0,-1,0,Medium,0.61,Medium
673,49,9.63,4.7,7.7,3.9,1,1,-1,0,0,Medium,0.52,Medium
674,49,9.47,1.4,5.8,7.0,4,4,-1,0,0,Medium,0.62,Medium
675,69,9.5,1.6,6.1,5.6,5,4,0,1,1,Low,0.22,Low
676,90,4.61,2.3,7.1,4.2,7,7,0,0,0,Medium,0.69,Low
677,75,6.17,2.7,4.9,6.6,2,9,-1,1,0,Medium,0.5,Medium
678,98,6.89,1.6,5.0,8.2,4,9,-1,-1,1,Medium,0.5,Medium
679,49,4.53,5.7,4.5,8.7,2,2,1,-1,0,High,0.93,Medium
680,86,8.66,3.2,4.6,2.9,9,2,0,-1,0,Medium,0.6,High
681,47,8.04,1.9,4.3,3.8,0,3,-1,0,1,Medium,0.52,Medium
682,50,9.6,4.1,5.9,8.0,3,8,0,1,1,Low,0.38,Low
683,91,7.61,3.9,4.2,5.2,8,6,0,-1,0,Medium,0.53,Medium
684,58,6.95,0.8,6.8,5.1,5,9,-1,0,0,Medium,0.4,Low
685,56,9.35,1.3,7.6,9.8,1,1,1,1,0,Medium,0.65,Medium
686,55,6.78,2.1,5.9,6.1,5,1,0,1,1,Low,0.29,Low
687,62,9.13,2.5,7.3,5.8,3,6,0,-1,1,Low,0.19,Low
688,64,6.44,1.2,7.4,6.1,0,8,-1,0,0,Low,0.35,Medium
689,94,4.72,4.9,5.8,8.8,0,6,1,0,1,Low,0.38,Low
690,80,7.01,4.4,8.1,3.9,8,1,-1,1,0,Medium,0.51,High
691,74,9.1,1.1,7.4,4.0,8,9,1,0,1,Low,0.31,Low
692,52,4.93,2.5,7.7,6.4,0,2,1,1,0,Medium,0.61,Medium
693,54,4.72,5.9,5.9,3.2,8,4,0,-1,0,High,0.81,Medium
694,57,9.98,1.3,8.3,4.1,4,9,1,-1,1,Medium,0.68,High
695,91,8.82,4.9,4.7,5.6,4,5,-1,1,0,Medium,0.55,Medium
696,89,9.38,3.0,6.8,5.2,8,8,1,1,0,Low,0.11,Medium
697,66,9.58,3.4,4.1,2.2,4,1,1,-1,0,Medium,0.57,High
698,52,7.16,4.1,4.1,7.2,5,9,1,-1,1,Medium,0.63,Low
699,70,6.46,3.8,8.2,2.3,5,7,-1,0,1,Low,0.2,Low
700,94,7.87,1.9,4.3,2.2,9,7,0,-1,0,Medium,0.43,Medium
701,60,7.34,5.5,8.0,2.5,9,7,1,-1,0,Medium,0.55,Medium
702,90,6.76,3.2,4.4,4.2,1,2,1,0,1,Low,0.27,Low
703,62,7.18,4.6,8.3,7.0,6,9,-1,0,0,Medium,0.6,Medium
704,70,5.96,5.6,7.6,8.0,5,5,-1,1,0,Medium,0.47,Medium
705,73,5.99,5.0,6.6,5.7,3,9,-1,0,1,Low,0.22,Low
706,94,6.91,3.9,7.1,3.1,9,8,-1,-1,0,Medium,0.67,High
707,66,6.46,1.1,8.8,7.2,1,4,0,-1,0,Medium,0.69,Medium
708,98,8.74,1.8,8.6,6.7,8,9,-1,0,1,Medium,0.67,Medium
709,57,7.28,1.5,8.1,6.3,8,5,1,1,1,Medium,0.48,Low
710,86,5.25,3.4,4.6,9.5,4,7,1,1,0,Medium,0.51,Low
711,63,9.46,5.3,4.4,8.8,8,4,1,1,0,Medium,0.61,Medium
712,66,7.52,5.9,6.2,6.3,9,6,-1,-1,1,Medium,0.43,High
713,57,7.59,0.9,7.8,4.3,8,3,0,1,1,Medium,0.6,Medium
714,63,8.79,0.6,7.0,7.6,4,6,0,1,0,Low,0.36,Low
715,95,6.27,2.9,8.2,9.4,9,1,1,0,1,Low,0.38,Medium
716,50,5.55,4.2,4.0,8.4,5,5,1,1,1,Medium,0.53,Low
717,97,6.26,5.8,7.2,2.2,9,2,-1,0,0,Medium,0.43,High
718,86,8.12,0.8,4.5,9.0,4,9,0,-1,0,Medium,0.68,Medium
719,95,9.13,4.5,4.4,2.8,8,1,0,0,0,Medium,0.45,Medium
720,68,9.81,4.9,7.2,4.3,0,1,0,1,0,Low,0.19,Medium
721,89,5.33,2.9,7.9,4.1,3,6,-1,0,1,Low,0.3,Low
722,63,9.27,1.8,7.0,5.2,2,6,0,-1,1,Low,0.17,High
723,71,7.55,1.5,4.3,2.6,4,7,1,1,0,Low,0.26,Low
724,75,9.06,2.4,6.1,3.0,2,9,0,0,0,Low,0.31,Low
725,76,8.05,0.6,4.8,9.9,8,4,1,0,0,Medium,0.68,Medium
726,97,5.79,2.0,7.3,5.1,1,1,0,-1,0,Medium,0.66,Medium
727,55,9.45,4.2,7.2,2.8,9,9,-1,1,1,Medium,0.56,Medium
728,58,8.26,4.3,6.5,8.2,6,2,0,0,0,Medium,0.48,Medium
729,50,6.07,2.8,7.2,2.2,4,3,-1,1,1,Medium,0.61,Medium
730,89,7.94,1.3,6.3,6.0,3,4,1,0,1,Low,0.15,Low
731,65,6.89,2.5,6.6,4.4,3,2,1,1,0,Low,0.16,Medium
732,79,6.94,1.5,7.3,3.2,4,4,1,-1,1,Low,0.19,Low
733,95,8.37,1.7,4.9,5.5,0,3,1,-1,0,Medium,0.47,Medium
734,68,8.02,0.9,4.7,7.2,5,3,1,-1,0,Medium,0.48,Medium
735,82,5.57,5.4,6.3,7.4,8,7,1,-1,1,Medium,0.47,Medium
736,88,9.15,3.9,4.2,9.2,0,6,-1,1,0,Medium,0.58,Medium
737,68,6.35,2.2,4.1,6.7,0,4,0,0,0,Low,0.36,Low
738,89,4.8,4.5,4.4,7.7,0,2,-1,-1,1,High,0.85,High
739,63,9.22,4.3,4.9,4.2,7,5,1,-1,0,Medium,0.66,Medium
740,54,7.49,5.1,4.6,3.0,1,1,1,0,1,Medium,0.58,Low
741,59,5.73,3.2,8.8,8.2,1,4,0,-1,1,Medium,0.64,Low
742,65,7.28,3.6,7.6,4.8,2,2,-1,0,1,Low,0.35,Medium
743,87,4.97,1.2,5.1,6.0,4,7,0,-1,0,Medium,0.49,Medium
744,58,7.75,5.9,4.8,2.4,8,6,0,1,0,Medium,0.68,Medium
745,75,9.21,3.4,5.3,7.4,3,6,0,0,0,Low,0.29,Low
746,70,7.25,5.4,8.6,2.4,5,6,0,1,1,Low,0.26,Low
747,49,6.14,2.8,5.1,9.5,3,1,1,-1,1,Medium,0.4,Medium
748,56,7.19,2.6,5.1,8.6,0,1,0,-1,0,Medium,0.41,Medium
749,88,5.15,5.9,5.0,2.1,8,5,1,1,1,Low,0.34,Low
750,86,6.26,4.2,4.9,7.0,5,9,1,0,0,Low,0.19,Low
751,71,6.68,1.8,6.2,4.6,0,5,1,-1,0,Low,0.36,Medium
752,80,8.51,2.4,7.4,5.0,8,9,0,0,0,Low,0.33,Medium
753,56,7.4,5.4,8.2,9.1,6,2,-1,-1,0,High,0.84,High
754,52,6.33,2.9,5.3,3.3,0,7,0,-1,0,Medium,0.61,Medium
755,89,5.31,0.9,8.1,8.0,0,4,-1,-1,0,High,0.82,Medium
756,46,8.49,5.1,5.5,4.5,5,9,1,-1,1,Low,0.35,Low
757,52,8.73,3.6,8.4,6.2,7,4,0,0,0,Medium,0.56,Medium
758,40,4.79,5.7,6.6,6.9,7,3,-1,0,0,High,0.77,High
759,99,6.18,5.1,4.4,9.0,2,3,1,1,0,Medium,0.6,Medium
760,65,9.44,2.0,7.6,2.8,6,8,1,1,0,Low,0.1,Medium
761,70,9.12,0.7,5.8,3.9,5,5,1,1,1,Low,0.38,Low
762,52,4.8,2.7,4.9,2.9,1,8,0,1,0,Medium,0.61,Low
763,99,7.4,1.3,4.0,8.5,5,5,-1,0,0,Medium,0.62,Medium
764,63,7.82,1.4,7.7,4.4,1,9,0,-1,1,Low,0.32,Low
765,40,5.21,3.0,8.1,9.1,5,1,0,-1,1,Medium,0.48,Medium
766,45,7.58,0.6,4.4,6.6,8,7,-1,0,1,High,0.9,Medium
767,52,8.45,3.3,7.5,4.0,4,3,1,0,0,Low,0.29,Medium
768,84,7.35,3.0,4.2,9.0,7,7,0,1,0,Medium,0.66,Medium
769,60,7.7,3.5,5.1,5.4,2,4,-1,1,1,Low,0.38,Low
770,83,5.53,2.0,8.0,5.6,9,5,-1,1,1,Medium,0.47,Medium
771,66,4.62,1.7,4.3,2.8,0,9,1,-1,0,Medium,0.48,Medium
772,82,7.62,2.4,5.9,5.3,9,6,-1,1,1,Low,0.38,Medium
773,83,7.58,1.0,5.0,5.3,3,6,0,-1,0,Low,0.3,Medium
774,61,8.31,2.6,8.3,6.5,9,3,1,0,1,Low,0.35,Medium
775,90,9.27,0.7,8.6,2.9,9,9,1,1,1,Low,0.19,Low
776,41,7.64,2.7,7.3,9.1,6,8,-1,0,1,Medium,0.69,Medium
777,57,9.91,2.1,7.0,8.2,6,9,1,-1,1,Medium,0.66,Medium
778,43,6.64,2.8,7.7,2.8,7,3,1,-1,1,Medium,0.62,High
779,57,6.24,2.7,4.8,6.0,6,3,-1,0,0,High,0.91,High
780,48,6.7,2.8,6.0,4.6,2,7,1,-1,0,Medium,0.41,Medium
781,63,6.11,5.0,4.4,8.4,7,6,1,1,0,Medium,0.41,Low
782,68,6.96,3.1,7.2,2.9,6,6,1,1,0,Low,0.18,Medium
783,66,7.96,1.0,4.5,7.8,6,8,1,0,0,Medium,0.44,Medium
784,68,9.99,5.4,4.2,6.5,5,9,-1,-1,0,Medium,0.51,Medium
785,69,9.96,4.8,7.3,4.8,2,7,0,1,0,Low,0.12,Low
786,55,8.18,5.1,4.8,2.3,6,4,-1,1,1,Medium,0.67,Medium
787,94,6.01,0.7,6.1,9.2,2,5,0,1,0,Low,0.11,Low
788,88,9.57,4.7,7.7,7.7,4,3,1,1,1,Low,0.19,Low
789,52,8.81,3.0,8.0,8.7,8,6,-1,1,1,Medium,0.57,Medium
790,42,5.65,3.0,8.5,2.8,1,1,0,-1,0,Medium,0.51,Medium
791,84,5.01,4.2,4.3,7.4,0,4,1,0,1,Medium,0.63,Low
792,70,6.0,4.5,5.0,4.0,3,9,1,0,1,Low,0.35,Low
793,47,9.02,0.8,7.1,5.0,8,9,1,-1,1,Medium,0.63,Medium
794,77,6.41,5.9,8.9,4.1,1,3,-1,0,0,Low,0.31,High
795,93,5.2,1.5,8.8,7.5,0,3,0,-1,0,Medium,0.5,Medium
796,43,5.91,5.7,4.8,9.7,8,2,1,1,0,High,0.91,Medium
797,62,6.9,2.8,7.7,7.5,6,9,0,0,1,Low,0.32,Low
798,81,7.17,2.2,4.7,3.7,3,9,1,-1,0,Medium,0.62,Medium
799,61,6.55,1.8,6.8,3.1,7,3,0,-1,1,Medium,0.53,High
800,82,8.94,4.7,5.9,9.6,6,3,-1,0,1,Medium,0.62,High
801,53,5.19,4.8,4.1,5.9,3,3,0,1,0,Medium,0.47,Medium
802,64,8.87,5.9,7.4,9.9,3,9,1,0,0,Low,0.18,Low
803,75,5.78,4.8,7.0,9.8,4,4,0,-1,0,Medium,0.52,Medium
804,61,6.72,5.3,6.1,5.2,9,6,0,-1,0,Medium,0.41,Medium
805,95,8.8,2.5,5.2,7.4,3,8,1,1,1,Low,0.25,Low
806,45,6.71,4.8,8.8,3.0,0,9,-1,1,1,Low,0.21,High
807,74,9.93,3.9,7.3,3.6,2,7,1,-1,1,Low,0.39,Low
808,82,4.72,1.0,4.0,3.2,2,5,0,-1,1,Medium,0.47,Low
809,97,6.32,0.6,4.7,7.6,1,1,0,-1,0,Medium,0.61,Medium
810,71,5.55,2.7,8.7,5.0,4,1,-1,1,0,Medium,0.49,Medium
811,59,9.9,5.6,8.5,7.9,3,3,0,1,1,Low,0.32,Low
812,93,5.4,1.9,5.7,3.3,8,6,1,0,1,Medium,0.46,Low
813,96,6.28,1.1,6.2,4.0,4,4,0,0,0,Low,0.31,Low
814,63,8.52,3.0,7.4,4.9,4,5,1,1,0,Low,0.34,Low
815,99,8.44,1.6,5.2,10.0,7,1,1,-1,1,Medium,0.64,High
816,98,8.67,0.6,8.1,2.1,6,4,-1,-1,0,Medium,0.42,High
817,50,4.88,3.7,6.6,7.9,2,8,1,-1,0,Medium,0.58,Medium
818,63,9.87,5.3,5.6,6.7,9,5,0,0,1,Low,0.12,Low
819,99,9.13,3.9,7.2,2.2,8,7,0,-1,1,Low,0.31,Medium
820,51,7.72,4.7,9.0,8.1,2,3,1,0,0,Medium,0.48,Medium
821,42,6.68,2.1,8.3,8.0,3,7,-1,0,1,Medium,0.46,Low
822,69,5.66,4.2,7.5,6.5,7,7,1,0,1,Low,0.29,Low
823,84,7.61,2.7,5.4,3.4,0,2,-1,-1,1,Medium,0.65,High
824,66,4.65,0.6,8.4,2.4,5,8,1,0,1,Low,0.23,Low
825,91,9.19,3.5,5.0,4.5,8,5,-1,0,0,Medium,0.45,Medium
826,64,6.49,0.6,7.1,7.6,5,9,-1,0,0,Medium,0.43,Medium
827,91,8.29,3.8,6.7,5.8,1,8,1,1,1,Low,0.2,Low
828,63,8.15,5.2,5.3,5.9,8,3,0,1,0,Low,0.13,Medium
829,75,5.47,0.9,6.9,4.9,7,5,-1,0,1,Medium,0.65,Medium
830,53,7.0,1.7,4.0,3.9,6,6,1,-1,1,High,0.95,Medium
831,62,8.69,5.8,8.4,4.5,8,3,-1,0,1,Medium,0.47,High
832,97,6.2,1.1,8.9,4.5,0,6,1,-1,1,Low,0.18,Low
833,67,5.86,3.0,4.1,7.1,4,9,-1,0,0,Medium,0.58,Medium
834,53,9.22,1.1,7.9,7.4,7,1,1,1,0,Medium,0.68,Medium
835,54,8.04,2.6,8.8,4.6,6,8,-1,0,0,Medium,0.59,Medium
836,92,6.9,3.4,5.5,2.1,0,2,-1,1,0,Low,0.3,Medium
837,97,8.1,5.8,4.0,4.0,8,8,1,-1,0,Medium,0.63,Low
838,80,5.77,1.5,8.1,3.1,7,5,-1,0,0,Medium,0.49,Medium
839,63,7.56,1.4,5.6,5.4,5,6,-1,1,0,Low,0.34,Medium
840,99,9.54,2.1,4.9,7.2,7,7,0,1,0,Medium,0.44,Medium
841,60,9.58,3.0,8.2,5.6,6,5,-1,0,0,Medium,0.56,Low
842,66,8.8,4.2,7.2,9.3,4,3,-1,1,0,Medium,0.57,Medium
843,67,5.25,5.4,6.4,9.0,7,4,-1,0,1,Medium,0.66,Medium
844,75,7.32,4.9,5.9,5.1,0,5,1,0,1,Low,0.3,High
845,43,8.75,5.1,4.9,9.2,4,9,1,1,0,Medium,0.42,Low
846,44,6.96,2.0,6.0,5.1,3,2,0,1,1,Low,0.12,Low
847,57,8.13,2.1,5.1,3.3,2,9,1,-1,0,Medium,0.54,Medium
848,80,8.89,3.5,5.5,3.2,5,4,1,-1,0,Low,0.1,Medium
849,40,6.41,3.4,7.3,5.3,9,7,0,0,1,Low,0.24,Low
850,54,4.94,3.2,4.8,5.0,6,5,-1,-1,1,High,0.73,High
851,47,9.9,4.7,6.6,7.2,0,9,1,1,1,Low,0.11,Low
852,68,6.4,1.9,6.2,5.7,9,6,-1,-1,1,Medium,0.52,High
853,82,7.56,5.7,6.5,9.1,9,8,-1,-1,1,Medium,0.48,High
854,73,6.18,5.6,6.9,5.3,4,3,0,0,1,Low,0.21,Low
855,91,5.62,1.4,8.4,5.5,5,3,1,-1,1,Medium,0.68,Medium
856,42,8.39,1.5,5.3,8.5,9,4,1,0,0,Medium,0.42,Medium
857,49,7.77,1.3,6.0,9.2,0,6,0,1,1,Low,0.29,Low
858,78,5.53,2.9,7.3,4.1,9,6,-1,0,0,Medium,0.42,Medium
859,51,7.65,5.6,8.1,4.6,8,1,0,-1,0,Medium,0.62,High
860,69,5.68,4.0,6.5,7.7,4,3,0,1,1,Low,0.12,Low
861,87,7.23,2.2,7.8,3.8,0,3,-1,-1,1,Medium,0.46,High
862,50,5.47,4.6,5.3,5.6,7,9,1,0,1,Medium,0.53,Low
863,52,7.75,3.8,6.1,5.5,1,3,-1,1,0,Medium,0.44,Medium
864,41,8.61,1.6,7.9,8.7,5,3,0,1,0,Medium,0.53,Medium
865,69,8.19,3.4,8.5,3.3,5,5,-1,-1,0,Medium,0.48,Medium
866,86,5.9,1.9,6.8,5.3,6,6,-1,0,0,Medium,0.47,Medium
867,83,6.43,5.0,5.6,3.3,2,8,1,-1,1,Low,0.32,Medium
868,44,9.81,3.3,7.1,4.9,3,8,0,1,1,Low,0.14,Low
869,58,7.21,2.4,4.7,6.4,7,8,0,0,0,Medium,0.56,Medium
870,55,5.62,2.7,8.2,4.8,0,1,-1,1,1,Medium,0.49,Medium
871,78,4.96,6.0,4.6,2.6,5,6,0,1,1,Low,0.2,Low
872,72,7.71,0.8,7.3,2.1,1,7,1,-1,0,Low,0.34,Medium
873,80,7.65,5.2,5.2,9.0,3,2,-1,1,1,Low,0.3,Medium
874,60,4.84,3.4,6.5,3.2,7,8,1,-1,0,Medium,0.58,Medium
875,69,7.28,5.0,8.3,6.9,4,8,1,-1,0,Low,0.21,Medium
876,52,5.73,1.0,8.6,6.5,9,1,-1,0,0,High,0.71,High
877,55,6.46,0.5,4.3,5.4,3,8,0,0,0,Medium,0.69,Low
878,78,7.79,3.3,4.3,9.5,4,7,-1,0,0,Medium,0.5,Medium
879,90,7.42,5.3,7.4,2.9,5,2,0,1,1,Low,0.11,Low
880,79,9.07,1.3,8.9,6.8,2,9,1,1,0,Low,0.3,Low
881,82,7.77,3.8,4.8,3.0,3,7,0,0,0,Low,0.16,Low
882,91,4.98,5.4,5.9,4.5,3,9,1,0,1,Low,0.34,Low
883,90,8.8,5.6,5.2,6.6,6,8,0,1,1,Low,0.2,Low
884,81,7.59,1.7,5.7,8.3,8,5,-1,-1,0,High,0.9,High
885,87,7.64,0.9,4.6,6.8,0,6,0,-1,1,Medium,0.45,Low
886,99,8.46,4.0,5.7,8.0,8,8,0,1,0,Low,0.1,Medium
887,53,9.1,4.3,6.6,5.7,2,4,1,1,1,Low,0.39,Low
888,79,5.09,5.6,8.6,6.2,0,9,1,0,1,Low,0.2,Low
889,59,5.39,1.2,7.8,9.4,0,9,1,-1,0,High,0.76,High
890,45,8.97,0.7,7.3,4.2,2,7,1,0,0,Low,0.21,Low
891,77,6.52,1.2,4.2,4.3,9,6,1,-1,0,Medium,0.54,Medium
892,55,7.67,4.4,7.2,9.9,7,5,0,0,1,Medium,0.53,Low
893,93,6.68,3.6,8.8,6.1,9,7,1,0,1,Low,0.19,Low
894,56,6.47,5.7,7.6,4.4,2,7,1,-1,1,Low,0.33,Low
895,55,5.48,5.0,5.4,9.4,8,2,-1,1,0,High,0.81,High
896,63,8.57,4.8,7.8,7.8,8,7,0,-1,1,Medium,0.62,Medium
897,84,5.26,2.7,8.9,3.8,4,8,0,-1,1,Low,0.28,Low
898,60,9.3,2.1,4.4,9.5,3,2,0,1,0,Medium,0.44,Medium
899,55,6.1,1.3,8.1,3.8,6,2,-1,1,0,High,0.82,High
900,87,7.59,2.7,7.2,6.4,1,1,1,-1,1,Low,0.22,Medium
901,49,7.72,4.3,8.7,4.0,3,5,1,0,1,Low,0.18,Low
902,82,8.14,2.3,6.4,6.9,9,5,0,0,0,Low,0.32,Medium
903,70,7.29,0.8,8.2,8.3,9,2,0,-1,1,Medium,0.45,High
904,81,5.66,2.3,5.2,6.5,5,2,0,1,1,Low,0.21,Low
905,68,6.02,3.4,5.7,3.1,3,7,0,-1,1,Low,0.11,Low
906,59,5.6,1.8,8.0,6.5,2,1,-1,1,0,High,0.73,Medium
907,73,7.03,6.0,5.1,4.5,0,9,1,1,1,Low,0.35,Low
908,45,5.01,4.6,8.8,7.4,0,7,0,0,0,Medium,0.52,Low
909,42,8.28,4.9,6.9,9.3,8,1,-1,1,0,High,0.71,High
910,63,6.98,1.9,7.9,7.1,9,3,-1,-1,1,High,0.91,High
911,82,6.71,5.4,5.9,7.9,9,3,1,1,1,Low,0.12,Medium
912,79,4.6,1.1,6.5,7.5,1,6,1,1,1,Low,0.14,Low
913,70,7.19,3.0,5.0,4.5,7,7,1,1,1,Low,0.16,Low
914,65,5.83,1.4,7.9,3.0,6,3,0,1,1,Medium,0.64,High
915,87,6.04,1.3,5.4,4.5,4,7,1,1,1,Low,0.32,Low
916,75,8.05,2.0,9.0,9.1,3,6,-1,0,0,Low,0.38,Medium
917,68,7.86,5.0,6.0,3.8,1,1,-1,1,1,Low,0.37,Medium
918,77,7.48,1.0,4.1,8.3,4,8,-1,0,1,Medium,0.63,Low
919,61,5.41,2.4,5.3,4.8,0,9,0,-1,0,Medium,0.64,Medium
920,98,6.46,1.9,7.1,6.0,4,2,1,1,1,Low,0.38,Low
921,46,5.48,5.5,5.7,5.0,0,9,-1,-1,0,High,0.86,Medium
922,41,8.32,2.4,7.5,9.1,8,8,1,0,1,Medium,0.7,Low
923,40,6.29,2.7,6.0,6.5,7,7,-1,0,1,Medium,0.61,Medium
924,98,5.39,5.2,7.4,6.2,2,9,0,-1,1,Low,0.12,Medium
925,86,8.95,1.8,7.1,5.5,6,8,0,1,1,Low,0.36,Medium
926,51,8.32,2.8,8.4,4.4,0,3,1,-1,0,Medium,0.61,Medium
927,46,9.32,5.5,5.3,5.7,6,5,-1,0,0,Medium,0.62,Medium
928,78,4.54,0.6,6.3,5.9,2,3,1,1,1,Low,0.1,Low
929,88,6.74,1.8,6.7,3.6,5,9,0,-1,1,Low,0.33,Low
930,68,9.43,4.0,7.9,3.1,5,7,-1,1,1,Low,0.27,Low
931,69,4.67,6.0,7.1,6.5,3,2,-1,0,1,Medium,0.46,Medium
932,50,10.0,1.9,6.9,7.6,5,6,0,0,1,Low,0.31,Medium
933,59,4.58,3.8,6.8,3.1,3,9,0,0,1,Low,0.16,Low
934,99,8.2,5.0,5.5,9.9,1,5,-1,0,1,Low,0.18,Low
935,84,9.5,3.3,5.8,5.7,7,1,1,0,0,Low,0.34,Medium
936,90,4.93,2.6,7.4,7.4,9,9,-1,1,1,Medium,0.59,High
937,91,5.05,2.5,6.5,2.3,4,6,1,0,0,Low,0.28,Low
938,82,9.76,1.7,6.6,7.9,0,5,0,0,0,Low,0.13,Low
939,77,7.73,0.8,8.8,3.1,1,1,-1,-1,0,Medium,0.47,High
940,73,7.41,2.7,5.6,6.9,6,6,-1,0,1,Low,0.24,Medium
941,41,9.94,5.7,4.4,9.5,2,1,1,1,0,Medium,0.6,Medium
942,87,7.76,1.5,5.7,4.8,1,5,1,1,1,Low,0.24,Low
943,58,5.14,5.7,7.7,7.1,1,5,-1,-1,1,High,0.77,Medium
944,89,7.73,5.1,4.4,7.5,4,1,0,0,1,Low,0.25,Low
945,89,9.29,1.4,5.0,7.5,5,6,0,0,0,Low,0.32,Medium
946,60,6.73,2.4,4.1,3.2,9,6,1,0,1,Low,0.21,Low
947,49,6.95,1.7,7.6,7.7,6,5,0,0,1,Medium,0.46,Low
948,43,8.75,1.4,4.2,7.2,4,2,1,0,0,Medium,0.62,Medium
949,63,6.72,3.0,8.9,8.8,4,6,0,-1,1,Low,0.16,Low
950,86,7.09,5.5,5.9,6.5,2,6,-1,1,1,Low,0.22,Low
951,76,8.29,2.1,8.6,4.2,4,3,0,-1,1,Low,0.23,Low
952,79,6.27,1.2,5.9,7.4,7,3,-1,-1,0,High,0.78,High
953,72,5.39,1.9,5.1,6.2,9,5,1,0,0,Medium,0.65,Medium
954,49,9.29,2.5,7.0,2.9,9,1,0,-1,0,Medium,0.54,High
955,52,8.07,2.8,6.1,3.1,6,4,0,1,0,Medium,0.62,Medium
956,59,4.61,5.8,6.3,5.3,2,1,0,-1,0,Medium,0.53,Medium
957,89,8.72,1.6,8.5,6.2,2,1,1,-1,0,Medium,0.46,Medium
958,50,9.51,3.3,8.8,9.5,9,8,-1,0,1,Medium,0.47,Medium
959,79,5.31,3.1,4.1,7.9,6,4,-1,1,1,High,0.89,Medium
960,89,8.78,1.9,4.8,4.7,7,9,0,0,1,Medium,0.44,Low
961,42,9.13,2.2,8.2,5.4,6,5,-1,1,0,Medium,0.59,High
962,64,9.08,4.1,5.7,7.4,8,7,-1,0,1,Medium,0.5,Medium
963,42,5.72,2.0,5.2,9.9,8,9,-1,-1,0,High,0.74,High
964,80,8.53,2.5,8.1,2.4,4,4,1,1,1,Low,0.33,Low
965,96,5.52,4.2,6.7,6.1,6,5,1,-1,0,Medium,0.52,Medium
966,84,4.79,1.0,7.3,7.2,7,1,-1,-1,0,High,0.89,High
967,71,5.96,3.3,6.9,9.4,8,5,1,1,1,Medium,0.47,Low
968,63,5.22,4.2,6.8,8.3,6,7,0,-1,1,Medium,0.4,Medium
969,95,9.06,1.9,7.9,9.7,6,7,-1,1,1,Medium,0.51,Medium
970,71,8.47,5.2,6.4,10.0,3,3,0,0,1,Low,0.22,Low
971,41,6.75,5.4,4.8,10.0,4,4,0,-1,0,Medium,0.64,Medium
972,71,9.98,4.8,6.0,8.6,0,5,-1,-1,1,Medium,0.59,High
973,48,9.85,0.8,6.9,8.9,5,5,0,0,1,Low,0.2,Low
974,76,9.17,3.4,8.7,8.4,6,9,-1,0,0,Medium,0.46,Medium
975,79,8.73,1.6,7.6,6.6,5,2,-1,1,0,Medium,0.53,Medium
976,63,7.55,2.8,6.8,4.9,4,8,1,-1,1,Low,0.18,Low
977,87,6.13,4.4,4.4,8.5,1,4,-1,0,0,Medium,0.6,Medium
978,52,8.59,2.8,6.4,5.3,9,9,0,1,1,Low,0.37,Low
979,59,6.54,0.6,4.6,8.0,8,2,0,0,1,High,0.75,Medium
980,87,6.03,5.3,7.0,6.9,9,3,0,1,0,Low,0.35,Medium
981,83,7.62,5.9,8.5,9.6,6,9,-1,1,1,Medium,0.62,Medium
982,68,4.94,5.1,4.4,2.7,7,5,0,0,1,Medium,0.54,Low
983,69,8.2,2.6,5.3,3.3,3,7,-1,-1,1,Low,0.39,Medium
984,66,7.16,3.5,6.5,6.5,1,7,0,-1,1,Low,0.14,High
985,98,9.76,0.8,6.2,3.5,2,2,-1,0,0,Medium,0.58,Medium
986,63,7.82,2.2,8.5,9.0,2,7,-1,1,1,Low,0.38,Low
987,45,5.19,5.2,8.5,9.6,4,8,1,1,1,Medium,0.5,Low
988,53,8.63,5.6,5.6,9.5,2,4,-1,1,1,Medium,0.62,Low
989,98,4.68,3.9,6.1,6.5,4,5,0,0,1,Low,0.15,High
990,73,4.69,4.4,5.4,6.6,5,9,-1,-1,0,Medium,0.66,Medium
991,72,9.78,1.6,5.6,8.2,7,6,-1,-1,1,Medium,0.4,High
992,70,8.7,3.9,5.2,2.0,2,4,-1,-1,1,Low,0.31,Medium
993,59,7.39,3.1,6.2,8.2,1,3,-1,-1,0,High,0.88,High
994,89,5.76,1.3,7.3,7.4,3,2,1,1,0,Medium,0.68,Medium
995,93,4.98,2.4,4.6,6.2,1,7,1,1,0,Medium,0.67,High
996,63,7.23,0.7,7.1,7.7,1,4,1,0,0,Low,0.3,Low
997,71,6.55,5.2,8.1,5.1,9,1,-1,-1,1,Medium,0.45,High
998,73,7.19,2.7,5.1,5.9,3,7,-1,1,0,Low,0.29,Medium
999,84,4.7,4.4,6.5,2.8,6,1,0,0,0,Medium,0.43,Medium
1000,66,9.95,4.3,7.2,2.1,7,2,0,0,0,Low,0.3,Medium
